{"cameraMode":{"drawMode":0,"name":"Shaded","section":"Shading Mode"},"sceneLighting":true,"audioPlay":false,"sceneViewState":{"m_AlwaysRefresh":false,"showFog":true,"showSkybox":true,"showFlares":true,"showImageEffects":true,"showParticleSystems":true,"showVisualEffectGraphs":true,"m_FxEnabled":true},"in2DMode":false,"pivot":{"x":-4.71999979019165,"y":-0.6000000238418579,"z":-0.014500141143798828},"rotation":{"x":0.12630032002925874,"y":-0.6916843056678772,"z":0.12479394674301148,"w":0.7000346779823303},"size":13.267165184020996,"orthographic":true}