{"cameraMode":{"drawMode":0,"name":"Shaded","section":"Shading Mode"},"sceneLighting":true,"audioPlay":false,"sceneViewState":{"m_AlwaysRefresh":false,"showFog":true,"showSkybox":true,"showFlares":true,"showImageEffects":true,"showParticleSystems":true,"showVisualEffectGraphs":true,"m_FxEnabled":true},"in2DMode":false,"pivot":{"x":-4.71999979019165,"y":-0.6000000238418579,"z":-0.014500141143798828},"rotation":{"x":0.6534821391105652,"y":-0.18056179583072663,"z":0.16470427811145783,"w":0.7164018750190735},"size":9.727961540222168,"orthographic":true}