{"cameraMode":{"drawMode":0,"name":"Shaded","section":"Shading Mode"},"sceneLighting":false,"audioPlay":false,"sceneViewState":{"m_AlwaysRefresh":false,"showFog":true,"showSkybox":false,"showFlares":true,"showImageEffects":true,"showParticleSystems":true,"showVisualEffectGraphs":true,"m_FxEnabled":true},"in2DMode":false,"pivot":{"x":17.663599014282228,"y":2.877157211303711,"z":9.469043731689454},"rotation":{"x":0.06239785626530647,"y":-0.9157589673995972,"z":0.15672510862350465,"w":0.36459657549858096},"size":0.36406606435775759,"orthographic":false}